Item Title,Publication Title,Book Series Title,Journal Volume,Journal Issue,Item DOI,Authors,Year,URL,Content Type
Fast and Accurate Class-Level Machine Unlearning using Impair–Repair and Noise-Induced Forgetting Mechanisms,Cognitive Computation,,,,10.1007/s12559-026-10597-4,Muhammad RizwanAamir WaliMuhammad Saif ul IslamSana Fatima,2026,https://link.springer.com/article/10.1007/s12559-026-10597-4,Article
Unlearning in distributed budget support vector machine,Soft Computing,,,,10.1007/s00500-025-10929-w,Angel Navia-Vázquez,2025,https://link.springer.com/article/10.1007/s00500-025-10929-w,Article
Feature-indistinguishable machine unlearning via negative-hot label encoding and class weight masking,Scientific Reports,,,,10.1038/s41598-026-40379-9,Jiali WangHongxia BieZhao JingYichen Zhi,2026,https://link.springer.com/article/10.1038/s41598-026-40379-9,Article
Rethinking machine unlearning for large language models,Nature Machine Intelligence,,,,10.1038/s42256-025-00985-0,Sijia LiuYuanshun YaoJinghan JiaStephen CasperNathalie BaracaldoPeter HaseYuguang YaoChris Yuhao LiuXiaojun XuHang LiKush R. VarshneyMohit BansalSanmi KoyejoYang Liu,2025,https://link.springer.com/article/10.1038/s42256-025-00985-0,Article
Machine Unlearning in&#xa0;MRI Reconstruction to&#xa0;Balance Privacy Protection and&#xa0;Model Performance Trade-Offs,Intelligent Computing,,,,10.1007/978-3-031-92605-1_27,Kasu MamathaDebajyoty Banik,2025,https://link.springer.com/chapter/10.1007/978-3-031-92605-1_27,Conference paper
An Introduction to&#xa0;Machine Unlearning,Machine Unlearning for Governance of Foundation Models,,,,10.1007/978-3-032-17282-2_1,Sijia LiuYang LiuNathalie Baracaldo,2026,https://link.springer.com/chapter/10.1007/978-3-032-17282-2_1,Chapter
An Efficient Federated Meta Unlearning Algorithm with&#xa0;Enhanced Privacy Protection,Network and Parallel Computing,,,,10.1007/978-981-96-2864-3_9,Yani WangZuobin YingZijie PanEnmin ZhuWanlei Zhou,2025,https://link.springer.com/chapter/10.1007/978-981-96-2864-3_9,Conference paper
Weight masking in image classification networks: class-specific machine unlearning,Knowledge and Information Systems,,,,10.1007/s10115-024-02312-2,Jiali WangHongxia BieZhao JingYichen ZhiYongkai Fan,2025,https://link.springer.com/article/10.1007/s10115-024-02312-2,Article
"A survey on large language models unlearning: taxonomy, evaluations, and future directions",Artificial Intelligence Review,,,,10.1007/s10462-025-11376-7,Uyen N. Le-KhacVinh N. X. Truong,2025,https://link.springer.com/article/10.1007/s10462-025-11376-7,Article
Machine Unlearning for&#xa0;Random Forest via&#xa0;Method of&#xa0;Images,Machine Learning and Knowledge Discovery in Databases. Research Track,,,,10.1007/978-3-032-06096-9_24,Hang ZhangKai Ming Ting,2026,https://link.springer.com/chapter/10.1007/978-3-032-06096-9_24,Conference paper
Label Smoothing Improves Machine Unlearning,Machine Unlearning for Governance of Foundation Models,,,,10.1007/978-3-032-17282-2_8,Zonglin Di,2026,https://link.springer.com/chapter/10.1007/978-3-032-17282-2_8,Chapter
KaRe: Towards Flexible and&#xa0;Effective Machine Unlearning with&#xa0;Knowledge Alignment and&#xa0;Repair,"Collaborative Computing: Networking, Applications and Worksharing",,,,10.1007/978-3-031-93251-9_16,Zhenyu ChaiQin LiuQiuyu HuPeng Li,2026,https://link.springer.com/chapter/10.1007/978-3-031-93251-9_16,Conference paper
Supporting Trustworthy AI Through Machine Unlearning,Science and Engineering Ethics,,,,10.1007/s11948-024-00500-5,Emmie HineClaudio NovelliMariarosaria TaddeoLuciano Floridi,2024,https://link.springer.com/article/10.1007/s11948-024-00500-5,Article
Machine Unlearning,Data Privacy and Data Governance,,,,10.1007/978-981-95-5787-5_9,Xiaofeng Meng,2026,https://link.springer.com/chapter/10.1007/978-981-95-5787-5_9,Chapter
EncoderMU: Machine Unlearning in Contrastive Learning,Security and Privacy in New Computing Environments,,,,10.1007/978-3-031-73699-5_15,Zixin WangBing MiKongyang Chen,2025,https://link.springer.com/chapter/10.1007/978-3-031-73699-5_15,Conference paper
Mitigating Over-Unlearning in&#xa0;Machine Unlearning with&#xa0;Synthetic Data Augmentation,Algorithms and Architectures for Parallel Processing,,,,10.1007/978-981-96-1545-2_18,Baohai WangYouyang QuLongxiang GaoConggai LiLin LiDavid Smith,2025,https://link.springer.com/chapter/10.1007/978-981-96-1545-2_18,Conference paper
Rapid federated unlearning with tuning parameters based on fisher information matrix,Applied Intelligence,,,,10.1007/s10489-025-06593-0,Fengda ZhaoQianyi XuHao WangDingding Guo,2025,https://link.springer.com/article/10.1007/s10489-025-06593-0,Article
Understanding the&#xa0;Robustness of&#xa0;Machine-Unlearning Models,Information Security and Privacy,,,,10.1007/978-981-96-9101-2_16,Guanqin ZhangFeng XuH. M. N. Dilum BandaraShiping ChenYulei Sui,2025,https://link.springer.com/chapter/10.1007/978-981-96-9101-2_16,Conference paper
FedSSU: flexible and efficient decentralized unlearning for federated learning,The Journal of Supercomputing,,,,10.1007/s11227-025-07478-2,Yuhe LengLei XuJianghua LiuXiaojun ZhangLin MeiYouyang QuChungen Xu,2025,https://link.springer.com/article/10.1007/s11227-025-07478-2,Article
Feature Machine Unlearning in&#xa0;Diffusion Models,Network and System Security,,,,10.1007/978-981-95-6419-4_18,Linlin WangTianqing ZhuLaiqiao QinLihua YinWanlei Zhou,2026,https://link.springer.com/chapter/10.1007/978-981-95-6419-4_18,Conference paper
A Hybrid Framework for&#xa0;Effective and&#xa0;Efficient Machine Unlearning,Cyberspace Simulation and Evaluation,,,,10.1007/978-981-96-4506-0_20,Mingxin LiYizhen YuNing WangZhigang WangXiaodong WangHaipeng QuJia XuShen SuZhichao Yin,2025,https://link.springer.com/chapter/10.1007/978-981-96-4506-0_20,Conference paper
DT-UPD: User Privacy Data Protection Through Distribution Transformation in&#xa0;Unlearning Cloud Service,Algorithms and Architectures for Parallel Processing,,,,10.1007/978-981-96-1548-3_5,Shouyue SunFeng WuYingzhi ZhangLei CuiLongxiang GaoShui Yu,2025,https://link.springer.com/chapter/10.1007/978-981-96-1548-3_5,Conference paper
Machine Unlearning of Multilingual Transformers for Kazakh Text Classification,Computer Security. ESORICS 2025 International Workshops,,,,10.1007/978-3-032-16092-8_37,Milana BolatbekShynar Mussiraliyeva,2026,https://link.springer.com/chapter/10.1007/978-3-032-16092-8_37,Conference paper
Selective Freezing of Feature Hierarchies in Deep Models for Machine Unlearning,Pattern Recognition and Computer Vision,,,,10.1007/978-981-95-4398-4_18,Wen-Hung LiaoYang-Jing Lin,2026,https://link.springer.com/chapter/10.1007/978-981-95-4398-4_18,Conference paper
PAMUS: An Entropy-Loss-Based Poisoning Attack for&#xa0;Undermining Machine Unlearning,Engineering of Complex Computer Systems,,,,10.1007/978-3-032-00828-2_7,Xudong JiangYuhang MaWei XuJiahui Wen,2026,https://link.springer.com/chapter/10.1007/978-3-032-00828-2_7,Conference paper
Inverse correction-optimized vertical federated unlearning,The Journal of Supercomputing,,,,10.1007/s11227-025-07310-x,Lang LiLi HuKanghua MoZiyu DingYaqi WuHongyang YanJin Li,2025,https://link.springer.com/article/10.1007/s11227-025-07310-x,Article
Zero-Shot Machine Unlearning Using Generative Adversarial Network,Advances in Knowledge Discovery and Data Mining,,,,10.1007/978-981-96-8183-9_6,Ali GhazalRadwa El Shawi,2025,https://link.springer.com/chapter/10.1007/978-981-96-8183-9_6,Conference paper
"Machine Unlearning for Trustworthy AI: A Systematic Review of Techniques, Challenges, and Applications",Archives of Computational Methods in Engineering,,,,10.1007/s11831-025-10436-z,Ranjit KumarRavi PrakashNarendra KumarSuchismita ChinaraMazin Abed Mohammed,2025,https://link.springer.com/article/10.1007/s11831-025-10436-z,Article
Verifying Machine Unlearning with&#xa0;Explainable AI,Pattern Recognition. ICPR 2024 International Workshops and Challenges,,,,10.1007/978-3-031-88223-4_32,Àlex Pujol VidalAnders S. JohansenMohammad N. S. JahromiSergio EscaleraKamal NasrollahiThomas B. Moeslund,2025,https://link.springer.com/chapter/10.1007/978-3-031-88223-4_32,Conference paper
Efficient federated unlearning under plausible deniability,Machine Learning,,,,10.1007/s10994-024-06685-x,Ayush K. VarshneyVicenç Torra,2025,https://link.springer.com/article/10.1007/s10994-024-06685-x,Article
"Addressing Challenges, Obstacles, and Ethical Considerations in Machine Unlearning: Conquering AI-Generated Knowledge and the Right to Be Forgotten",Recent Advancements in Artificial Intelligence,,,,10.1007/978-981-96-7760-3_32,Shweta SaraswatKushal KanwarRaminder KaurPawan SenMonica LambaHimanshu Arora,2026,https://link.springer.com/chapter/10.1007/978-981-96-7760-3_32,Conference paper
Learn to unlearn: meta-learning-based knowledge graph embedding unlearning,Knowledge and Information Systems,,,,10.1007/s10115-025-02407-4,Naixing XuQian LiZhaochuan LiXu WangBingchen LiuJabulani Brown MpofuJingchen LiXin Li,2025,https://link.springer.com/article/10.1007/s10115-025-02407-4,Article
FADE: Progressive Unlearning for&#xa0;Language Models via&#xa0;Adversarial Disruption and&#xa0;Editing,Information Retrieval,,,,10.1007/978-981-95-5637-3_7,Yang ChenZhiwen Tang,2026,https://link.springer.com/chapter/10.1007/978-981-95-5637-3_7,Conference paper
Digital forgetting in large language models: a survey of unlearning methods,Artificial Intelligence Review,,,,10.1007/s10462-024-11078-6,Alberto Blanco-JusticiaNajeeb JebreelBenet Manzanares-SalorDavid SánchezJosep Domingo-FerrerGuillem CollellKuan Eeik Tan,2025,https://link.springer.com/article/10.1007/s10462-024-11078-6,Article
OPMUS: A Win-Win Pricing Strategy for&#xa0;Machine Unlearning Service,Advanced Data Mining and Applications,,,,10.1007/978-981-96-0811-9_27,Mingjian TangWeiqi WangShui Yu,2025,https://link.springer.com/chapter/10.1007/978-981-96-0811-9_27,Conference paper
Mitigate noisy data for smart IoT via GAN based machine unlearning,Science China Information Sciences,,,,10.1007/s11432-022-3671-9,Zhuo MaYilong YangYang LiuXinjing LiuJianfeng Ma,2024,https://link.springer.com/article/10.1007/s11432-022-3671-9,Article
A Review on Machine Unlearning,SN Computer Science,,,,10.1007/s42979-023-01767-4,Haibo ZhangToru NakamuraTakamasa IsoharaKouichi Sakurai,2023,https://link.springer.com/article/10.1007/s42979-023-01767-4,Article
Efficient Federated Unlearning for&#xa0;Privacy-Preserving Machine Learning in&#xa0;Decentralized Systems,"Electronics, Communications, and Control Engineering",,,,10.1007/978-981-95-2820-2_28,Liu JinHaoda WangJiantao XuChunhua Su,2026,https://link.springer.com/chapter/10.1007/978-981-95-2820-2_28,Conference paper
WSS-CL: Weight Saliency Soft-Guided Contrastive Learning for&#xa0;Efficient Machine Unlearning Image Classification,Computational Collective Intelligence,,,,10.1007/978-3-032-09321-9_26,Thang Duc TranThai Hoang Le,2026,https://link.springer.com/chapter/10.1007/978-3-032-09321-9_26,Conference paper
The gains do not make up for the losses: a comprehensive evaluation for safety alignment of large language models via machine unlearning,Frontiers of Computer Science,,,,10.1007/s11704-024-41099-x,Weixiang ZhaoYulin HuXingyu SuiZhuojun LiYang DengYanyan ZhaoBing QinWanxiang Che,2025,https://link.springer.com/article/10.1007/s11704-024-41099-x,Article
"Machine Unlearning, A&#xa0;Comparative Analysis",Engineering Applications of Neural Networks,,,,10.1007/978-3-031-62495-7_42,Ziad DoughanSari Itani,2024,https://link.springer.com/chapter/10.1007/978-3-031-62495-7_42,Conference paper
Verifiable Fine-Grained Federated Unlearning,"Knowledge Science, Engineering and Management",,,,10.1007/978-981-95-3055-7_28,Yong WangGuangyu PengXueli NieBruce Gu,2026,https://link.springer.com/chapter/10.1007/978-981-95-3055-7_28,Conference paper
Dual asymmetric momentum improves federated class unlearning in edge systems,Scientific Reports,,,,10.1038/s41598-026-45631-w,Achirangshu PatraZefree Lazarus MayaluriPrabodh Kumar SahooGaurav Kumawat,2026,https://link.springer.com/article/10.1038/s41598-026-45631-w,Article
Parameter-Efficient Federated Knowledge Graph Embedding Learning and&#xa0;Unlearning,The Semantic Web – ISWC 2025,,,,10.1007/978-3-032-09527-5_25,Xiangrong ZhuYuexiang XieYang LiuYaliang LiWei Hu,2026,https://link.springer.com/chapter/10.1007/978-3-032-09527-5_25,Conference paper
Privacy preserving machine unlearning for smart cities,Annals of Telecommunications,,,,10.1007/s12243-023-00960-z,Kongyang ChenYao HuangYiwen WangXiaoxue ZhangBing MiYu Wang,2023,https://link.springer.com/article/10.1007/s12243-023-00960-z,Article
Machine Unlearning for&#xa0;Document Classification,Document Analysis and Recognition - ICDAR 2024,,,,10.1007/978-3-031-70546-5_6,Lei KangMohamed Ali SouibguiFei YangLluis GomezErnest ValvenyDimosthenis Karatzas,2024,https://link.springer.com/chapter/10.1007/978-3-031-70546-5_6,Conference paper
Enhancing Privacy in&#xa0;Machine Unlearning: Posterior Perturbation Against Membership Inference Attack,Algorithms and Architectures for Parallel Processing,,,,10.1007/978-981-96-1551-3_16,Chen ChenHengzhu LiuHuanhuan ChiPing Xiong,2025,https://link.springer.com/chapter/10.1007/978-981-96-1551-3_16,Conference paper
Empirical Study on&#xa0;Adversarial Robustness Degradation in&#xa0;Image Classification via&#xa0;Unlearning,Machine Learning for Cyber Security,,,,10.1007/978-981-95-7820-7_15,Natchapol ShinnoHaibo ZhangTakeshi Saitoh,2026,https://link.springer.com/chapter/10.1007/978-981-95-7820-7_15,Conference paper
Resource-efficient federated machine unlearning via evolutionary synaptic pruning for cloud-based distributed learning systems,Scientific Reports,,,,10.1038/s41598-026-51460-8,Himani BansalBhuvan UnhelkarDilip Kumar Jang Bahadur SainiBipin Kumar RaiPooja SharmaGautam KumarPrasun Chakrabarti,2026,https://link.springer.com/article/10.1038/s41598-026-51460-8,Article
Federated Unlearning with Clustered Asynchronous Aggregation and Ensemble Learning for Efficient Privacy-Preserving Document Analysis,Document Analysis and Recognition –  ICDAR 2025,,,,10.1007/978-3-032-04617-8_6,Ahmad Sarmad AliMomina MoetesumFaisal ShafaitAdnan Ul-Hasan,2026,https://link.springer.com/chapter/10.1007/978-3-032-04617-8_6,Conference paper
Stimulating Catastrophic Forgetting in&#xa0;Class-Wise Unlearning via&#xa0;UAP,Machine Learning and Knowledge Discovery in Databases. Research Track,,,,10.1007/978-3-032-06096-9_25,Wenxing ZhouXinwen ChengYingwen WuRuikai YangXiaolin Huang,2026,https://link.springer.com/chapter/10.1007/978-3-032-06096-9_25,Conference paper
ReCUR: Bipartite Graph Contrastive Unlearning with Influence Estimation for Privacy-Preserved Recommendation,Machine Learning,,,,10.1007/s10994-025-06979-8,Tzu-Hsuan YangCheng-Te Li,2026,https://link.springer.com/article/10.1007/s10994-025-06979-8,Article
The Evaluation of&#xa0;Retrieval-Based Unlearning Mechanisms on&#xa0;Large Language Models,"Knowledge Science, Engineering and Management",,,,10.1007/978-981-95-3055-7_2,Zihan XieLefeng ZhangMinfeng Qi,2026,https://link.springer.com/chapter/10.1007/978-981-95-3055-7_2,Conference paper
Resisting Catastrophic Recall: Persistent Unlearning via&#xa0;Knowledge Distillation with&#xa0;Feature Suppression,"Knowledge Science, Engineering and Management",,,,10.1007/978-981-95-3055-7_15,Zonghao JiYouyang QuLongxiang GaoTaihao Zhang,2026,https://link.springer.com/chapter/10.1007/978-981-95-3055-7_15,Conference paper
A Novel Anti-Sample Generation Technique for&#xa0;Effective Machine Unlearning,Pattern Recognition and Machine Intelligence,,,,10.1007/978-3-032-18480-1_65,Rajdeep MondalSoumitra Samanta,2026,https://link.springer.com/chapter/10.1007/978-3-032-18480-1_65,Conference paper
FedScale: A Federated Unlearning Method Mimicking Human Forgetting Processes,Wireless Artificial Intelligent Computing Systems and Applications,,,,10.1007/978-3-031-71464-1_37,Wenshu HuangHuiwen WuLiming FangLu Zhou,2025,https://link.springer.com/chapter/10.1007/978-3-031-71464-1_37,Conference paper
Classification Based Unlearning Through PCL Knowledge Distillation,Innovations in Electrical and Electronics Engineering,,,,10.1007/978-981-97-9112-5_18,Suyash SrivastavaSangeeta Sharma,2025,https://link.springer.com/chapter/10.1007/978-981-97-9112-5_18,Conference paper
Model Amnesia: Intentional Unlearning Techniques for Neural Networks,Intelligent Strategies for ICT,,,,10.1007/978-981-96-4148-2_32,Dev SoniPriya VaghelaPriyanka Patel,2025,https://link.springer.com/chapter/10.1007/978-981-96-4148-2_32,Conference paper
PIU-FR: Personal Identity Unlearning for&#xa0;Facial Recognition,Recent Challenges in Intelligent Information and Database Systems,,,,10.1007/978-981-96-5884-8_8,Thai Hoang LePhat Thuan TranNhi Man Bui Nguyen,2025,https://link.springer.com/chapter/10.1007/978-981-96-5884-8_8,Conference paper
DIsFU: Protecting Innocent Clients in&#xa0;Federated Unlearning,Algorithms and Architectures for Parallel Processing,,,,10.1007/978-981-96-1545-2_12,Fanyu KongXiangyun TangYu WengTao ZhangHongyang DuJiawen KangChi Liu,2025,https://link.springer.com/chapter/10.1007/978-981-96-1545-2_12,Conference paper
Machine Unlearning with&#xa0;Affine Hyperplane Shifting and&#xa0;Maintaining for&#xa0;Image Classification,Neural Information Processing,,,,10.1007/978-981-99-8178-6_17,Mengda LiuGuibo LuoYuesheng Zhu,2024,https://link.springer.com/chapter/10.1007/978-981-99-8178-6_17,Conference paper
Hierarchical Machine Unlearning,Learning and Intelligent Optimization,,,,10.1007/978-3-031-44505-7_7,HongBin ZhuYuXiao XiaYunZhao LiWei LiKang LiuXianzhou Gao,2023,https://link.springer.com/chapter/10.1007/978-3-031-44505-7_7,Conference paper
D3FU: Data-Free Distillation Driven Federated Unlearning for&#xa0;Service-Oriented Computing,Service-Oriented Computing,,,,10.1007/978-981-95-5012-8_28,Xiuyi ZhangXuejun LiAiting YaoJia XuChengzu DongFrank JiangXiao LiuYun Yang,2026,https://link.springer.com/chapter/10.1007/978-981-95-5012-8_28,Conference paper
A Simple Machine Unlearning Approach Using Elastic Weight Consolidation,Recent Trends in AI Enabled Technologies,,,,10.1007/978-3-031-59114-3_1,Arnav DevalapallyGowtham Valluri,2024,https://link.springer.com/chapter/10.1007/978-3-031-59114-3_1,Conference paper
Is Retain Set All You Need in&#xa0;Machine Unlearning? Restoring Performance of&#xa0;Unlearned Models with&#xa0;Out-of-Distribution Images,Computer Vision – ECCV 2024,,,,10.1007/978-3-031-73232-4_1,Jacopo BonatoMarco CotogniLuigi Sabetta,2025,https://link.springer.com/chapter/10.1007/978-3-031-73232-4_1,Conference paper
FedSweep: Unlearning Backdoors in&#xa0;Federated Learning,Advances in Knowledge Discovery and Data Mining,,,,10.1007/978-981-96-8173-0_11,Zhiheng QiuQi ZhongMingfeng QiLefeng Zhang,2025,https://link.springer.com/chapter/10.1007/978-981-96-8173-0_11,Conference paper
Unlearning Vision Transformers Without Retaining Data via&#xa0;Low-Rank Decompositions,Pattern Recognition,,,,10.1007/978-3-031-78122-3_10,Samuele PoppiSara SartoMarcella CorniaLorenzo BaraldiRita Cucchiara,2025,https://link.springer.com/chapter/10.1007/978-3-031-78122-3_10,Conference paper
“I Forgot About You”: Exploring Multi-Label Unlearning (MLU) for&#xa0;Responsible Facial Recognition Systems,Machine Learning and Knowledge Discovery in Databases. Research Track,,,,10.1007/978-3-032-06096-9_16,Prommy Sultana HossainEmanuela MarascoJessica LinMichael King,2026,https://link.springer.com/chapter/10.1007/978-3-032-06096-9_16,Conference paper
Lazy Machine Unlearning Strategy for&#xa0;Random Forests,Web Information Systems and Applications,,,,10.1007/978-981-99-6222-8_32,Nan SunNing WangZhigang WangJie NieZhiqiang WeiPeishun LiuXiaodong WangHaipeng Qu,2023,https://link.springer.com/chapter/10.1007/978-981-99-6222-8_32,Conference paper
The Right to Be Forgotten Meets Machine Learning: Evaluating the Legal Feasibility of Unlearning Methods,Artificial Intelligence and the Rule of Law,,,,10.1007/978-3-031-97389-5_6,Liane Rose ColonnaTobias Oechtering,2025,https://link.springer.com/chapter/10.1007/978-3-031-97389-5_6,Chapter
Federated Unlearning and&#xa0;Server Right to&#xa0;Forget: Handling Unreliable Client Contributions,Recent Trends in Image Processing and Pattern Recognition,,,,10.1007/978-3-031-53085-2_31,Hasin BanoMuhammad AmeenMuntazir MehdiAmaad HussainPengfei Wang,2024,https://link.springer.com/chapter/10.1007/978-3-031-53085-2_31,Conference paper
Sequence Unlearning for&#xa0;Sequential Recommender Systems,AI 2023: Advances in Artificial Intelligence,,,,10.1007/978-981-99-8388-9_33,Shanshan YeJie Lu,2024,https://link.springer.com/chapter/10.1007/978-981-99-8388-9_33,Conference paper
Fast-FedUL: A Training-Free Federated Unlearning with&#xa0;Provable Skew Resilience,Machine Learning and Knowledge Discovery in Databases. Research Track,,,,10.1007/978-3-031-70362-1_4,Thanh Trung HuynhTrong Bang NguyenPhi Le NguyenThanh Tam NguyenMatthias WeidlichQuoc Viet Hung NguyenKarl Aberer,2024,https://link.springer.com/chapter/10.1007/978-3-031-70362-1_4,Conference paper
FedPCGA: A Federated Unlearning Method Based on&#xa0;Projected Conflict Gradient Ascent,"Proceedings of the Eighth International Scientific Conference “Intelligent Information Technologies for Industry” (IITI’24), Volume 1",,,,10.1007/978-3-031-77688-5_36,Ying LiuJialiang Peng,2024,https://link.springer.com/chapter/10.1007/978-3-031-77688-5_36,Conference paper
Graph Unlearning Using Knowledge Distillation,Information and Communications Security,,,,10.1007/978-981-99-7356-9_29,Wenyue ZhengXimeng LiuYuyang WangXuanwei Lin,2023,https://link.springer.com/chapter/10.1007/978-981-99-7356-9_29,Conference paper
"The Right to&#xa0;be Forgotten in&#xa0;the&#xa0;Age of&#xa0;AI: Legal, Philosophical, and&#xa0;Technical Challenges",Machine Learning and Principles and Practice of Knowledge Discovery in Databases,,,,10.1007/978-3-032-19105-2_42,Alessandro BucciJosep Domingo-FerrerAnna MonrealeFrancesca Naretto,2026,https://link.springer.com/chapter/10.1007/978-3-032-19105-2_42,Conference paper
Machine Unlearning Methodology Based on&#xa0;Stochastic Teacher Network,Advanced Data Mining and Applications,,,,10.1007/978-3-031-46677-9_18,Xulong ZhangJianzong WangNing ChengYifu SunChuanyao ZhangJing Xiao,2023,https://link.springer.com/chapter/10.1007/978-3-031-46677-9_18,Conference paper
Federated Knowledge Graph Embedding Unlearning via&#xa0;Diffusion Model,Web and Big Data,,,,10.1007/978-981-97-7235-3_18,Bingchen LiuYuanyuan FangXu WangXin Li,2024,https://link.springer.com/chapter/10.1007/978-981-97-7235-3_18,Conference paper
Machine unlearning: linear filtration for logit-based classifiers,Machine Learning,,,,10.1007/s10994-022-06178-9,Thomas BaumhauerPascal SchöttleMatthias Zeppelzauer,2022,https://link.springer.com/article/10.1007/s10994-022-06178-9,Article
Smart Mirrors and&#xa0;Data Protection Regulation,Privacy-Aware Monitoring for Assisted Living,,,,10.1007/978-3-031-84158-3_12,Liane ColonnaGianluigi M. Riva,2025,https://link.springer.com/chapter/10.1007/978-3-031-84158-3_12,Chapter
A comprehensive survey of watermarking techniques for copyright protection and integrity verification on DNNs and generative models,Discover Applied Sciences,,,,10.1007/s42452-026-08576-3,Xinyun LiuRonghua Xu,2026,https://link.springer.com/article/10.1007/s42452-026-08576-3,Article
Privacy and Security in Recommender Systems: A Comprehensive Review,Synergies in Data Analytics and Cyber Security,,,,10.1007/978-981-95-2680-2_1,Xudong ZhaoHongyi LyuXuanru GuoLei YuHaolong XiangXuyun Zhang,2026,https://link.springer.com/chapter/10.1007/978-981-95-2680-2_1,Conference paper
The forget-set identification problem,Machine Learning,,,,10.1007/s10994-025-06897-9,Andrea D’AngeloFrancesco GulloGiovanni Stilo,2025,https://link.springer.com/article/10.1007/s10994-025-06897-9,Article
A royalty framework for copyright protection and accountability in AI-generated art,Discover Computing,,,,10.1007/s10791-025-09766-0,Priyanshi RaiKartik GuptaLubna Abdelkhreim GabrallaTanupriya Choudhury,2025,https://link.springer.com/article/10.1007/s10791-025-09766-0,Article
Defenses Against Membership Inference Attacks on&#xa0;Unlearned Data,Modeling Decisions for Artificial Intelligence,,,,10.1007/978-3-032-00891-6_12,Josep Domingo-FerrerNajeeb JebreelDavid Sánchez,2026,https://link.springer.com/chapter/10.1007/978-3-032-00891-6_12,Conference paper
A survey on privacy issues and mitigation strategies for LLMs in healthcare,The Journal of Supercomputing,,,,10.1007/s11227-025-08146-1,Khalid A. Alissa,2025,https://link.springer.com/article/10.1007/s11227-025-08146-1,Article
Mitigating Risk in the Application of Machine Learning to the Diagnosis of Bronchopulmonary Diseases,Scientific and Technical Information Processing,,,,10.3103/S0147688224700400,N. I. YusupovaM. R. BogdanovO. N. Smetanina,2024,https://link.springer.com/article/10.3103/S0147688224700400,Article
"On responsible machine learning datasets emphasizing fairness, privacy and regulatory norms with examples in biometrics and healthcare",Nature Machine Intelligence,,,,10.1038/s42256-024-00874-y,Surbhi MittalKartik ThakralRicha SinghMayank VatsaTamar GlaserCristian Canton FerrerTal Hassner,2024,https://link.springer.com/article/10.1038/s42256-024-00874-y,Article
"Machine Un-learning: An Overview of Techniques, Applications, and Future Directions",Cognitive Computation,,,,10.1007/s12559-023-10219-3,Siva SaiUday MittalVinay ChamolaKaizhu HuangIndro SpinelliSimone ScardapaneZhiyuan TanAmir Hussain,2023,https://link.springer.com/article/10.1007/s12559-023-10219-3,Article
Making AI Forget You: Removing Educational Data from Intelligent Education Models,Educational Innovation Through Technology,,,,10.1007/978-981-95-1525-7_8,Yiyu WuYaowen KuangXiaoyu ChenTao Wang,2026,https://link.springer.com/chapter/10.1007/978-981-95-1525-7_8,Conference paper
Preserving Individual User’s Right to&#xa0;Be Forgotten in&#xa0;Enterprise-Level Federated Learning,PRICAI 2024: Trends in Artificial Intelligence,,,,10.1007/978-981-96-0119-6_14,Chaohao FuYun ZhouNa Ruan,2025,https://link.springer.com/chapter/10.1007/978-981-96-0119-6_14,Conference paper
Scissorhands: Scrub Data Influence via&#xa0;Connection Sensitivity in&#xa0;Networks,Computer Vision – ECCV 2024,,,,10.1007/978-3-031-72970-6_21,Jing WuMehrtash Harandi,2025,https://link.springer.com/chapter/10.1007/978-3-031-72970-6_21,Conference paper
Sensor-based IoT data privacy protection,Nature Reviews Electrical Engineering,,,,10.1038/s44287-024-00073-2,Xiaoyu JiWenjun ZhuShilin XiaoWenyuan Xu,2024,https://link.springer.com/article/10.1038/s44287-024-00073-2,Article
"Privacy in&#xa0;Fine-Tuning Large Language Models: Attacks, Defenses, and&#xa0;Future Directions",Advances in Knowledge Discovery and Data Mining,,,,10.1007/978-981-96-8183-9_25,Hao DuShang LiuLele ZhengYang CaoAtsuyoshi NakamuraLei Chen,2025,https://link.springer.com/chapter/10.1007/978-981-96-8183-9_25,Conference paper
Attacks in Adversarial Machine Learning: A Systematic Survey from the Lifecycle Perspective,International Journal of Computer Vision,,,,10.1007/s11263-025-02692-0,Baoyuan WuZihao ZhuLi LiuQingshan LiuZhaofeng HeSiwei Lyu,2026,https://link.springer.com/article/10.1007/s11263-025-02692-0,Article
Comparing decentralized machine learning and AI clinical models to local and centralized alternatives: a systematic review,npj Digital Medicine,,,,10.1038/s41746-025-02329-z,José Miguel DinizHenrique VasconcelosRita Rb-SilvaCarolina Ameijeiras-RodriguezDaniel RodriguesPedro RamosAntónio TomásYu GaoJúlio SouzaAlberto Freitas,2026,https://link.springer.com/article/10.1038/s41746-025-02329-z,Article
Other Methods,Interactive Natural Language Processing,,,,10.1007/978-3-032-06264-2_9,Zekun WangGe ZhangNing ShiJie Fu,2026,https://link.springer.com/chapter/10.1007/978-3-032-06264-2_9,Chapter
A Decision-Making Process to Implement the ‘Right to Be Forgotten’ in Machine Learning,Privacy Technologies and Policy,,,,10.1007/978-3-031-61089-9_2,Katie HawkinsNora AlhuwaishSana BelguithAsma VranakiAndrew Charlesworth,2024,https://link.springer.com/chapter/10.1007/978-3-031-61089-9_2,Conference paper
Integrated intrusion detection design with discretion of leading agent using machine learning for efficient MANET system,Scientific Reports,,,,10.1038/s41598-025-89221-8,K. S. Nirmala BaiDr M.V. Subramanyam,2025,https://link.springer.com/article/10.1038/s41598-025-89221-8,Article
FP $$^2$$ -MIA: A Membership Inference Attack Free of&#xa0;Posterior Probability in&#xa0;Machine Unlearning,Provable and Practical Security,,,,10.1007/978-3-031-20917-8_12,Zhaobo LuYilei WangQingzhe LvMinghao ZhaoTiancai Liang,2022,https://link.springer.com/chapter/10.1007/978-3-031-20917-8_12,Conference paper
How to&#xa0;Forget Clients in&#xa0;Federated Online Learning to&#xa0;Rank?,Advances in Information Retrieval,,,,10.1007/978-3-031-56063-7_7,Shuyi WangBing LiuGuido Zuccon,2024,https://link.springer.com/chapter/10.1007/978-3-031-56063-7_7,Conference paper
"Ethical, Privacy, and Regulatory Considerations",Artificial Intelligence in Genomics,,,,10.1007/978-3-032-25486-3_6,Khalid ShaikhRohit ThankiSejal Shah,2026,https://link.springer.com/chapter/10.1007/978-3-032-25486-3_6,Chapter
Responsible AI and Governance,Driving Digital Transformation with Microsoft Foundry,,,,10.1007/979-8-8688-2479-1_6,Mezba Uddin,2026,https://link.springer.com/chapter/10.1007/979-8-8688-2479-1_6,Chapter
Artificial intelligence security and privacy: a survey,Science China Information Sciences,,,,10.1007/s11432-025-4388-5,Xinlei HeGuowen XuXingshuo HanQian WangLingchen ZhaoChao ShenChenhao LinZhengyu ZhaoQian LiLe YangShouling JiShaofeng LiHaojin ZhuZhibo WangRui ZhengTianqing ZhuQi LiChaoxiang HeQifan WangHongsheng HuShuo WangShi-Feng SunHongwei YaoZhan QinKai ChenYue ZhaoHongwei LiXinyi HuangDengguo Feng,2025,https://link.springer.com/article/10.1007/s11432-025-4388-5,Article
Federated Learning for&#xa0;Recommender Systems: Advances and&#xa0;Perspectives,Federated Learning Systems,,,,10.1007/978-3-031-78841-3_5,Vasileios PerifanisNikolaos PavlidisAndreas SendrosPavlos S. Efraimidis,2025,https://link.springer.com/chapter/10.1007/978-3-031-78841-3_5,Chapter
Anomaly Detection in Integrated Flexible Manufacturing Systems: Addressing Class Imbalance with Machine Learning Techniques in Cyber-Physical Systems,AI and Cyber Security in Cyber-Physical Systems,,,,10.1007/978-3-032-09656-2_6,Paras GargArvind KeprateGunjan Soni,2026,https://link.springer.com/chapter/10.1007/978-3-032-09656-2_6,Chapter
Human-Centric Multimodal Machine Learning: Recent Advances and Testbed on AI-Based Recruitment,SN Computer Science,,,,10.1007/s42979-023-01733-0,Alejandro PeñaIgnacio SernaAythami MoralesJulian FierrezAlfonso OrtegaAinhoa HerrarteManuel AlcantaraJavier Ortega-Garcia,2023,https://link.springer.com/article/10.1007/s42979-023-01733-0,Article
Ethics of&#xa0;AI and&#xa0;Games,Artificial Intelligence and Games,,,,10.1007/978-3-031-83347-2_15,Georgios N. YannakakisJulian Togelius,2025,https://link.springer.com/chapter/10.1007/978-3-031-83347-2_15,Chapter
Quantum-enhanced blockchain federated learning via quantum Byzantine agreement,Science China Information Sciences,,,,10.1007/s11432-025-4471-7,Hao-Wen LiuZhi-Ping LiuHua-Lei YinZeng-Bing Chen,2025,https://link.springer.com/article/10.1007/s11432-025-4471-7,Article
"Federated Learning in Modern Education: Balancing Privacy, Scalability, and Effectiveness",Federated Learning Applications in the Industrial Internet of Everything (IoE),,,,10.1007/978-3-031-99270-4_11,Rita GanatraMonica GahlawatChetan R. Dudhagara,2025,https://link.springer.com/chapter/10.1007/978-3-031-99270-4_11,Chapter
Securing GenAI Deployments and&#xa0;Preventing Misuse,Generative AI in Cybersecurity,,,,10.1007/978-3-032-05250-6_4,Leslie F. Sikos,2025,https://link.springer.com/chapter/10.1007/978-3-032-05250-6_4,Chapter
AI Governance and Risk Management,AI Strategy and Security,,,,10.1007/979-8-8688-1733-5_5,Donnie W. Wendt,2025,https://link.springer.com/chapter/10.1007/979-8-8688-1733-5_5,Chapter
AI and Self Reflection,Artificial Intelligence in HCI,,,,10.1007/978-3-031-93412-4_17,AlAnoud BindayelHoda ElsayedMuhammad Umair Khan,2025,https://link.springer.com/chapter/10.1007/978-3-031-93412-4_17,Conference paper
SecureFed+ a federated learning framework with adaptive gradient clipping and encrypted aggregation for credit card fraud detection,International Journal of Machine Learning and Cybernetics,,,,10.1007/s13042-026-03081-w,T. ManonmaniN. UmakanthS. N. KumarS. KannadhasanS. K. HareniP. Shree Suha Tharishana,2026,https://link.springer.com/article/10.1007/s13042-026-03081-w,Article
"A survey on group fairness in federated learning: challenges, taxonomy of solutions and directions for future research",Artificial Intelligence Review,,,,10.1007/s10462-025-11475-5,Teresa SalazarHelder AraujoAlberto CanoPedro Henriques Abreu,2026,https://link.springer.com/article/10.1007/s10462-025-11475-5,Article
ClusLazyFR: An Efficient Federated Recommendation Scheme via&#xa0;User Clustering and&#xa0;Lazy Aggregation,"Collaborative Computing: Networking, Applications and Worksharing",,,,10.1007/978-3-032-21168-2_3,Hongyun CaiShuoyan LiuJiaojiao LuEnting Guo,2026,https://link.springer.com/chapter/10.1007/978-3-032-21168-2_3,Conference paper
POSTER: A Server-Side Proactive Defense Framework for&#xa0;Poison-Resilient Federated Learning,Provable and Practical Security,,,,10.1007/978-981-95-2961-2_29,Qingkui ZengZhuotao Lian,2026,https://link.springer.com/chapter/10.1007/978-981-95-2961-2_29,Conference paper
Tackling copyright issues in AI image generation through originality estimation and genericization,Scientific Reports,,,,10.1038/s41598-025-90827-1,Hiroaki Chiba-OkabeWeijie J. Su,2025,https://link.springer.com/article/10.1038/s41598-025-90827-1,Article
Extending Personal Data Sovereignty by Enabling Governance of AI Training on Personal Data,Hybrid Human-AI Collaborative Networks,,,,10.1007/978-3-032-05673-3_2,Vijon BarakuIraklis ParaskakisSimeon VeloudisPoonam Yadav,2026,https://link.springer.com/chapter/10.1007/978-3-032-05673-3_2,Conference paper
"A Comprehensive Survey on Trustworthy Graph Neural Networks: Privacy, Robustness, Fairness, and Explainability",Machine Intelligence Research,,,,10.1007/s11633-024-1510-8,Enyan DaiTianxiang ZhaoHuaisheng ZhuJunjie XuZhimeng GuoHui LiuJiliang TangSuhang Wang,2024,https://link.springer.com/article/10.1007/s11633-024-1510-8,Article
Differential Privacy with&#xa0;Data Removal for&#xa0;Online Happiness Assessment,Web and Big Data,,,,10.1007/978-981-97-7241-4_11,Yanjie LuoLin LiXiaohua WuXiaohui Tao,2024,https://link.springer.com/chapter/10.1007/978-981-97-7241-4_11,Conference paper
"Ethics, Bias, and Responsible Generative AI",Generative AI in R,,,,10.1007/979-8-8688-1763-2_9,Akansha SinghKrishna Kant Singh,2025,https://link.springer.com/chapter/10.1007/979-8-8688-1763-2_9,Chapter
"A review of federated learning: taxonomy, privacy and future directions",Journal of Intelligent Information Systems,,,,10.1007/s10844-023-00797-x,Hashan RatnayakeLin ChenXiaofeng Ding,2023,https://link.springer.com/article/10.1007/s10844-023-00797-x,Article
Data Privacy in Enterprise AI,Enterprise AI,,,,10.1007/978-3-032-01940-0_5,Neil G. MarchantYing ZhaoBenjamin I.  P. RubinsteinOlga Ohrimenko,2025,https://link.springer.com/chapter/10.1007/978-3-032-01940-0_5,Chapter
Large language models in biomedicine and healthcare,npj Artificial Intelligence,,,,10.1038/s44387-025-00047-1,Juexiao ZhouHaoyang LiSiyuan ChenZhangtianyi ChenZhongyi HanXin Gao,2025,https://www.nature.com/articles/s44387-025-00047-1,Article
Learning to&#xa0;Obstruct Few-Shot Image Classification over&#xa0;Restricted Classes,Computer Vision – ECCV 2024,,,,10.1007/978-3-031-72661-3_2,Amber Yijia ZhengChiao-An YangRaymond A. Yeh,2025,https://link.springer.com/chapter/10.1007/978-3-031-72661-3_2,Conference paper
Conceptual Misalignment in&#xa0;XAI,Responsible AI for Value Creation,,,,10.1007/978-3-032-16886-3_1,Rolf HvidtfeldtMohammad N. S. JahromiÀlex Pujol VidalStine N. ChristensenJeppe Agger NielsenThomas Gammeltoft-HansenThomas PlougThomas B. Moeslund,2026,https://link.springer.com/chapter/10.1007/978-3-032-16886-3_1,Conference paper
Can Federated Models Be Rectified Through Learning Negative Gradients?,Big Data Technologies and Applications,,,,10.1007/978-3-031-52265-9_2,Ahsen TahirZhiyuan TanKehinde O. Babaagba,2024,https://link.springer.com/chapter/10.1007/978-3-031-52265-9_2,Conference paper
"Data science and artificial intelligence for maternal, newborn and child health: scoping review and thematic analysis",BMC Public Health,,,,10.1186/s12889-025-25430-0,Joseph AkuzeGrieven P. OtienoSamson Yohannes AmareBancy NgatiaPhillip WanduruFati Kirakoya-SamadoulougouRornald Muhumuza KananuraAgbessi AmouzouAbiy Seifu EstifanosEric O. Ohuma,2025,https://link.springer.com/article/10.1186/s12889-025-25430-0,Article
Problem-Solving and Public Services,Problem-solving and Learning for Public Services and Public Management,,,,10.1007/978-3-031-43230-9_2,Tony KinderJari Stenvall,2024,https://link.springer.com/chapter/10.1007/978-3-031-43230-9_2,Chapter
AI Design Principles for&#xa0;Compliance-Driven Industrial IoT Systems,"Advances on P2P, Parallel, Grid, Cloud and Internet Computing",,,,10.1007/978-3-032-10344-4_22,Flora AmatoRajib Chandra GhoshAlberto MoccardiMarcello Pelosi,2026,https://link.springer.com/chapter/10.1007/978-3-032-10344-4_22,Conference paper
Beyond the Human Subject: Reconceptualizing Cyberlaw through Virtual Ontology and Algorithmic Epistemology in the Web 3.0 Era,International Journal for the Semiotics of Law - Revue internationale de Sémiotique juridique,,,,10.1007/s11196-025-10376-8,Anggita Doramia Lumbanraja,2025,https://link.springer.com/article/10.1007/s11196-025-10376-8,Article
China’s AI Safety Ecosystem and Implications for International AI Governance,The Artificial Intelligence Revolution,,,,10.1007/978-3-032-11814-1_4,Jason ZhouKwan Yee NgBrian Tse,2026,https://link.springer.com/chapter/10.1007/978-3-032-11814-1_4,Chapter
The Transformative Influence of Generative AI on Teaching and Learning,The Second International Symposium on Generative AI and Education (ISGAIE’2025),,,,10.1007/978-3-031-98476-1_2,Khulekani MavundlaAbdultaofeek AbayomiEmmanuel AdetibaOlutoyin OlaitanSurendra Thakur,2025,https://link.springer.com/chapter/10.1007/978-3-031-98476-1_2,Conference paper
Tighter privacy auditing of differentially private stochastic gradient descent in the hidden state threat model,Scientific Reports,,,,10.1038/s41598-026-38537-0,Apeksha Bhuekar,2026,https://link.springer.com/article/10.1038/s41598-026-38537-0,Article
Automation in the Era of ML and AI,Azure Arc Systems Management,,,,10.1007/978-1-4842-9480-2_9,Ramona Maxwell,2024,https://link.springer.com/chapter/10.1007/978-1-4842-9480-2_9,Chapter
A survey on privacy-preserving federated learning against poisoning attacks,Cluster Computing,,,,10.1007/s10586-024-04629-7,Feng XiaWenhao Cheng,2024,https://link.springer.com/article/10.1007/s10586-024-04629-7,Article
"Trustworthy federated learning: privacy, security, and beyond",Knowledge and Information Systems,,,,10.1007/s10115-024-02285-2,Chunlu ChenJi LiuHaowen TanXingjian LiKevin I-Kai WangPeng LiKouichi SakuraiDejing Dou,2024,https://link.springer.com/article/10.1007/s10115-024-02285-2,Article
A unified method to revoke the private data of patients in intelligent healthcare with audit to forget,Nature Communications,,,,10.1038/s41467-023-41703-x,Juexiao ZhouHaoyang LiXingyu LiaoBin ZhangWenjia HeZhongxiao LiLongxi ZhouXin Gao,2023,https://link.springer.com/article/10.1038/s41467-023-41703-x,Article
The Human Psyche in the Age of AI,Psychology and Artificial Intelligence,,,,10.1007/978-3-662-73147-5_3,Oliver Hoffmann,2026,https://link.springer.com/chapter/10.1007/978-3-662-73147-5_3,Chapter
Differential privacy-enabled federated learning for secure neural synchronization in protecting industrial data streams,Cluster Computing,,,,10.1007/s10586-025-05609-1,Feifei NiuArindam SarkarSarbajit MannaSoumya ChatterjeeAbdulfattah NoorwaliKamal M. Othman,2025,https://link.springer.com/article/10.1007/s10586-025-05609-1,Article
Graph neural networks: a survey on the links between privacy and security,Artificial Intelligence Review,,,,10.1007/s10462-023-10656-4,Faqian GuanTianqing ZhuWanlei ZhouKim-Kwang Raymond Choo,2024,https://link.springer.com/article/10.1007/s10462-023-10656-4,Article
Artificial Intelligence “Augmenting Human Intelligence. Teaching International Relations Theory with Artificial Intelligence”,The Palgrave Handbook on the Pedagogy of International Relations Theory,,,,10.1007/978-3-031-72072-7_46,Jürgen NeyerBernd FroehlichSassan GholiaghaKatrin GirgensohnDora KieselPatrick RiehmannMitja SienknechtBenno SteinMagdalena Anna Wolska,2024,https://link.springer.com/chapter/10.1007/978-3-031-72072-7_46,Chapter
Scientific Abstracts from the 2024 Conference on Machine Intelligence in Medical Imaging (CMIMI) of the Society for Imaging Informatics in Medicine (SIIM),Journal of Imaging Informatics in Medicine,,,,10.1007/s10278-024-01278-5,,2024,https://link.springer.com/article/10.1007/s10278-024-01278-5,Article
Coordinate-wise monotonic transformations enable privacy-preserving age estimation with 3D face point cloud,Science China Life Sciences,,,,10.1007/s11427-023-2518-8,Xinyu YangRunhan LiXindi YangYong ZhouYi LiuJing-Dong J. Han,2024,https://link.springer.com/article/10.1007/s11427-023-2518-8,Article
Innovation and Use-Value,The Non-Market Economy,,,,10.1007/978-3-032-12567-5_7,Tony Kinder,2026,https://link.springer.com/chapter/10.1007/978-3-032-12567-5_7,Chapter
An Empirical Study of&#xa0;Black-Box Based Membership Inference Attacks on&#xa0;a&#xa0;Real-World Dataset,Foundations and Practice of Security,,,,10.1007/978-3-031-87496-3_9,Yujeong KwonSimon S. WooHyungjoon Koo,2025,https://link.springer.com/chapter/10.1007/978-3-031-87496-3_9,Conference paper
Towards a&#xa0;Responsible AI Adoption/Adaptation (RAA) Ecosystem: Vision and&#xa0;Model to&#xa0;Keep Socio-Technological Balance,Global Internet of Things and Edge Computing Summit,,,,10.1007/978-3-032-09555-8_5,Parwinder SinghAsim Ul HaqMirko Presser,2026,https://link.springer.com/chapter/10.1007/978-3-032-09555-8_5,Conference paper
A review of security threats and privacy issues in federated learning,International Journal of Data Science and Analytics,,,,10.1007/s41060-026-01067-z,Abhishek Kumar AgrahariAarti Gautam DinkerRajendra Bahadur Singh,2026,https://link.springer.com/article/10.1007/s41060-026-01067-z,Article
AI photography and cultural memory: revisualizing the queer histories of Bugis Street in Singapore through layered gazes,Humanities and Social Sciences Communications,,,,10.1057/s41599-025-06473-5,Jiayu Chen,2026,https://link.springer.com/article/10.1057/s41599-025-06473-5,Article
Data Chameleon: A&#xa0;Self-adaptive Synthetic Data Management System,Data and Applications Security and Privacy XXXIX,,,,10.1007/978-3-031-96590-6_3,Qianying LiaoMaarten KestersDimitri Van LanduytWouter Joosen,2025,https://link.springer.com/chapter/10.1007/978-3-031-96590-6_3,Conference paper
Evolutionary Computation and the Reinforcement Learning Problem,Handbook of Evolutionary Machine Learning,,,,10.1007/978-981-99-3814-8_4,Stephen KellyJory Schossau,2024,https://link.springer.com/chapter/10.1007/978-981-99-3814-8_4,Chapter
Fed3C: federated clustering-based centralized classification,Knowledge and Information Systems,,,,10.1007/s10115-025-02650-9,Emin AkpinarBulent BolatMurat Taskiran,2026,https://link.springer.com/article/10.1007/s10115-025-02650-9,Article
Deconstructing the ethics of large language models from long-standing issues to new-emerging dilemmas: a survey,AI and Ethics,,,,10.1007/s43681-025-00797-3,Chengyuan DengYiqun DuanXin JinHeng ChangYijun TianHan LiuYichen Wangkuofeng GaoHenry Peng ZouYiqiao jinYijia XiaoShenghao WuZongxing XieWeimin LyuSihong HeLu ChengHaohan WangJun Zhuang,2025,https://link.springer.com/article/10.1007/s43681-025-00797-3,Article
Enforcing Right to&#xa0;Be Forgotten in&#xa0;Cloud-Based Data Lakes,Advances in Information and Communication,,,,10.1007/978-3-031-53963-3_16,Priyamvada BhardwajSadeq DarrabDavid BroneskeIngo KloseGunter Saake,2024,https://link.springer.com/chapter/10.1007/978-3-031-53963-3_16,Conference paper
Adaptive reinforced federated graph domain generalization with dynamic aggregation strategy,Frontiers of Computer Science,,,,10.1007/s11704-025-41295-3,Zhen-Hui PanYa-Wen LiZe-Li GuanXiao-Long Meng,2025,https://link.springer.com/article/10.1007/s11704-025-41295-3,Article
Introduction,Data Privacy and Data Governance,,,,10.1007/978-981-95-5787-5_1,Xiaofeng Meng,2026,https://link.springer.com/chapter/10.1007/978-981-95-5787-5_1,Chapter
The Psychology of Trust: How Safe Do We Feel with AI?,Psychology and Artificial Intelligence,,,,10.1007/978-3-662-73147-5_6,Oliver Hoffmann,2026,https://link.springer.com/chapter/10.1007/978-3-662-73147-5_6,Chapter
A Guide to Constructing Indigenous Statistical Spaces for Prevention Science&#xa0;Research,Prevention Science,,,,10.1007/s11121-026-01911-5,Valentín Quiroz de la Sierra,2026,https://link.springer.com/article/10.1007/s11121-026-01911-5,Article
The mosaic memory of large language models,Nature Communications,,,,10.1038/s41467-026-68603-0,Igor ShilovMatthieu MeeusYves-Alexandre de Montjoye,2026,https://link.springer.com/article/10.1038/s41467-026-68603-0,Article
A survey on cross-user federated recommendation,Science China Information Sciences,,,,10.1007/s11432-024-4310-7,Enyue YangYudi XiongWei YuanWeike PanQiang YangZhong Ming,2025,https://link.springer.com/article/10.1007/s11432-024-4310-7,Article
Repressive Robots and the Radical Possibilities of Emancipated Automation,The Political Economy of Robots,,,,10.1007/978-3-031-95171-8_10,Sean Noah WalshBryant William Sculos,2025,https://link.springer.com/chapter/10.1007/978-3-031-95171-8_10,Chapter
Privacy Computing Techniques,Privacy Computing,,,,10.1007/978-981-99-4943-4_4,Fenghua LiHui LiBen Niu,2024,https://link.springer.com/chapter/10.1007/978-981-99-4943-4_4,Chapter
Artificial Intelligence in Medicine and Privacy Preservation,Artificial Intelligence in Medicine,,,,10.1007/978-3-030-64573-1_261,Alexander ZillerJonathan Passerat-PalmbachAndrew TraskRickmer BrarenDaniel RueckertGeorgios Kaissis,2022,https://link.springer.com/rwe/10.1007/978-3-030-64573-1_261,Reference work entry
LLM Challenges and Solutions,Large Language Models: A Deep Dive,,,,10.1007/978-3-031-65647-7_6,Uday KamathKevin KeenanGarrett SomersSarah Sorenson,2024,https://link.springer.com/chapter/10.1007/978-3-031-65647-7_6,Chapter
"Revolutionising anomaly detection: a hybrid framework for anomaly detection integrating isolation forest, autoencoder, and Conv. LSTM",Knowledge and Information Systems,,,,10.1007/s10115-025-02580-6,Ankit KumarAbhishek KumarRohit RajaAmit Kumar DewanganManoj KumarAradhana SoniDheeraj AgarwalAbdul Khader Jilani Saudagar,2025,https://link.springer.com/article/10.1007/s10115-025-02580-6,Article
Conceptual Background,Strategic Renewal of Born-Digital Companies,,,,10.1007/978-3-658-51626-0_2,Lennart Paul Phillipp Gaida,2026,https://link.springer.com/chapter/10.1007/978-3-658-51626-0_2,Chapter
A comprehensive survey on privacy-preserving recommender system in pervasive environments,CCF Transactions on Pervasive Computing and Interaction,,,,10.1007/s42486-026-00235-1,Ibtissem Ben OuhibaZahra KodiaNadia Ben Azzouna,2026,https://link.springer.com/article/10.1007/s42486-026-00235-1,Article
Privacy-preserving recommendation with coarse-grained spatiotemporal contexts,Science China Information Sciences,,,,10.1007/s11432-024-4327-9,Lei ChenChen GaoJiahuan LeiXiaoyi DuXinlei ShiHengliang LuoDepeng JinYong LiMeng Wang,2025,https://link.springer.com/article/10.1007/s11432-024-4327-9,Article
Robust federated contrastive recommender system against targeted model poisoning attack,Science China Information Sciences,,,,10.1007/s11432-024-4272-y,Wei YuanChaoqun YangLiang QuGuanhua YeQuoc Viet Hung NguyenHongzhi Yin,2025,https://link.springer.com/article/10.1007/s11432-024-4272-y,Article
A Synergy of Spirituality and Technologies Toward&#xa0;a Society 5.0,Place Based Approaches to Sustainability Volume II,,,,10.1007/978-3-031-41610-1_7,Andrea PaesanoMario Risso,2024,https://link.springer.com/chapter/10.1007/978-3-031-41610-1_7,Chapter
A federated learning-based privacy-preserving image processing framework for brain tumor detection from CT scans,Scientific Reports,,,,10.1038/s41598-025-07807-8,Abdullah Al-SalehGhanshyam G. TejaniShailendra MishraSunil Kumar SharmaSeyed Jalaleddin Mousavirad,2025,https://link.springer.com/article/10.1038/s41598-025-07807-8,Article
Prompt Engineering for Safety Red-Teaming: A Case Study on Text-to-Image Diffusion Models,Introduction to Foundation Models,,,,10.1007/978-3-031-76770-8_18,Pin-Yu ChenSijia Liu,2025,https://link.springer.com/chapter/10.1007/978-3-031-76770-8_18,Chapter
On the Trustworthiness Landscape of State-of-the-art Generative Models: A Survey and Outlook,International Journal of Computer Vision,,,,10.1007/s11263-025-02375-w,Mingyuan FanChengyu WangCen ChenYang LiuJun Huang,2025,https://link.springer.com/article/10.1007/s11263-025-02375-w,Article
Privacy-preserving explainable AI: a survey,Science China Information Sciences,,,,10.1007/s11432-024-4123-4,Thanh Tam NguyenThanh Trung HuynhZhao RenThanh Toan NguyenPhi Le NguyenHongzhi YinQuoc Viet Hung Nguyen,2024,https://link.springer.com/article/10.1007/s11432-024-4123-4,Article
Backdoor threats in large language models—a survey,Science China Information Sciences,,,,10.1007/s11432-024-4351-3,Shuai LiuYiheng PanKun HongRuite FeiChenhao LinQian LiChao Shen,2025,https://link.springer.com/article/10.1007/s11432-024-4351-3,Article
A review of large language models and the recommendation task,Discover Artificial Intelligence,,,,10.1007/s44163-025-00334-5,Jacob MunsonThomas CuezzeSiddat NesarDominique Zosso,2025,https://link.springer.com/article/10.1007/s44163-025-00334-5,Article
Space and Critical Pedagogies,Pedagogy of Space and The Global South,,,,10.1007/978-981-97-8768-5_2,Dishari ChattarajArya Parakkate Vijayaraghavan,2024,https://link.springer.com/chapter/10.1007/978-981-97-8768-5_2,Chapter
Emerging trends in federated learning: from model fusion to federated X learning,International Journal of Machine Learning and Cybernetics,,,,10.1007/s13042-024-02119-1,Shaoxiong JiYue TanTeemu SaravirtaZhiqin YangYixin LiuLauri VasankariShirui PanGuodong LongAnwar Walid,2024,https://link.springer.com/article/10.1007/s13042-024-02119-1,Article
GenAI Model Security,Generative AI Security,,,,10.1007/978-3-031-54252-7_6,Ken HuangBen GoertzelDaniel WuAnita Xie,2024,https://link.springer.com/chapter/10.1007/978-3-031-54252-7_6,Chapter
FedUDA: Towards a&#xa0;Novel Unfairness Distribution Attack Against Federated Learning Models,"Collaborative Computing: Networking, Applications and Worksharing",,,,10.1007/978-3-031-93257-1_12,Zihao WangXiaodong FuLi LiuFei DaiJiaman Ding,2026,https://link.springer.com/chapter/10.1007/978-3-031-93257-1_12,Conference paper
Right to Be Forgotten: A Human Rights-Based Approach for Governance in Generative AI,Smart Trends in Computing and Communications,,,,10.1007/978-981-97-1320-2_3,Rita GhialDiksha PundirRajinder Kaur,2024,https://link.springer.com/chapter/10.1007/978-981-97-1320-2_3,Conference paper
On-Device Recommender Systems: A Comprehensive Survey,Data Science and Engineering,,,,10.1007/s41019-025-00308-8,Hongzhi YinLiang QuTong ChenWei YuanRuiqi ZhengJing LongXin XiaYuhui ShiChengqi Zhang,2025,https://link.springer.com/article/10.1007/s41019-025-00308-8,Article
Cross-language hotel review sentiment analysis via multi-agent federated learning with heterogeneous graph attention networks,Scientific Reports,,,,10.1038/s41598-026-41500-8,Xiaofei Han,2026,https://link.springer.com/article/10.1038/s41598-026-41500-8,Article
A Systematic Review of ‘Fair’ AI Model Development for Image Classification and Prediction,Journal of Medical and Biological Engineering,,,,10.1007/s40846-022-00754-z,Ramon CorreaMahtab ShaanHari TrivediBhavik PatelLeo Anthony G. CeliJudy W. GichoyaImon Banerjee,2022,https://link.springer.com/article/10.1007/s40846-022-00754-z,Article
Future Trends in Control Systems: A Journey Through Time,Control Systems: A Historical and Philosophical Perspective,,,,10.1007/978-981-96-7426-8_10,Ali Khaki-Sedigh,2025,https://link.springer.com/chapter/10.1007/978-981-96-7426-8_10,Chapter
Safeguarding large language models: a survey,Artificial Intelligence Review,,,,10.1007/s10462-025-11389-2,Yi DongRonghui MuYanghao ZhangSiqi SunTianle ZhangChangshun WuGaojie JinYi QiJinwei HuJie MengSaddek BensalemXiaowei Huang,2025,https://link.springer.com/article/10.1007/s10462-025-11389-2,Article
"Navigating Bilingualism: Policies, Practices and Impact on Education",Exploring Bilingualism in Education,,,,10.1007/978-981-97-9354-9_1,Udaya Muthyala,2024,https://link.springer.com/chapter/10.1007/978-981-97-9354-9_1,Chapter
Support of Driving Functions by Digital Maps,Handbook Assisted and Automated Driving,,,,10.1007/978-3-658-45276-6_37,Roland HomeierRoland JentschKatharina JülgeBenjamin LippeltWerner Pöchmüller,2026,https://link.springer.com/chapter/10.1007/978-3-658-45276-6_37,Chapter
Secure Transmission of Human-Centric Information using Two Hidden Layer Neural Synchronization,"Iranian Journal of Science and Technology, Transactions of Electrical Engineering",,,,10.1007/s40998-024-00750-w,Arindam SarkarMohammad Zubair KhanAbdulfattah Noorwali,2024,https://link.springer.com/article/10.1007/s40998-024-00750-w,Article
Design Models for AI in Public Health,Artificial Intelligence in Public Health,,,,10.1007/978-3-032-15872-7_3,Min Wu,2026,https://link.springer.com/chapter/10.1007/978-3-032-15872-7_3,Chapter
Reinforcement learning-based framework for real-time task scheduling in IoT-Fog-Cloud environments,Cluster Computing,,,,10.1007/s10586-025-05675-5,Zhixin XieYing SuGuangbiao LiuYishi Yang,2025,https://link.springer.com/article/10.1007/s10586-025-05675-5,Article
Right to Be Forgotten in the Age of Machine Learning,Advances in Digital Science,,,,10.1007/978-3-030-71782-7_35,Quang-Vinh Dang,2021,https://link.springer.com/chapter/10.1007/978-3-030-71782-7_35,Conference paper
Why Patient Data Cannot Be Easily Forgotten?,Medical Image Computing and Computer Assisted Intervention – MICCAI 2022,,,,10.1007/978-3-031-16452-1_60,Ruolin SuXiao LiuSotirios A. Tsaftaris,2022,https://link.springer.com/chapter/10.1007/978-3-031-16452-1_60,Conference paper
Communication-Efficient Protocol Designs for Wireless Federated Learning: A PRISMA-Guided Systematic Review,Wireless Personal Communications,,,,10.1007/s11277-026-11946-0,Emmanuel AtebawoneRobert Akromond,2026,https://link.springer.com/article/10.1007/s11277-026-11946-0,Article
Training LLM with Human Feedback,Handbook of Human-Centered Artificial Intelligence,,,,10.1007/978-981-95-3658-0_53,Hirad RezaeiAmin BeheshtiFethi Rabhi,2026,https://link.springer.com/rwe/10.1007/978-981-95-3658-0_53,Reference work entry
"MP-BADNet<span class=""mathjax-tex"">\(^+\)</span>: Secure and effective backdoor attack detection and mitigation protocols among multi-participants in private DNNs",Peer-to-Peer Networking and Applications,,,,10.1007/s12083-022-01377-6,Congcong ChenLifei WeiLei ZhangYa PengJianting Ning,2022,https://link.springer.com/article/10.1007/s12083-022-01377-6,Article
Reinforcement learning enhanced virtual reality training in intelligent family education platforms,Progress in Artificial Intelligence,,,,10.1007/s13748-026-00441-z,Tian ShaoweiLiu Juan,2026,https://link.springer.com/article/10.1007/s13748-026-00441-z,Article
Smart Maintenance and Human Factor Modeling for Aircraft Safety,Applications in Reliability and Statistical Computing,,,,10.1007/978-3-031-21232-1_2,Eric T. T. WongW. Y. Man,2023,https://link.springer.com/chapter/10.1007/978-3-031-21232-1_2,Chapter
Training LLM with Human Feedback,Handbook of Human-Centered Artificial Intelligence,,,,10.1007/978-981-97-8440-0_53-1,Hirad RezaeiAmin BeheshtiFethi Rabhi,2026,https://link.springer.com/rwe/10.1007/978-981-97-8440-0_53-1,Living reference work entry
Artificial Intelligence in Medicine and Privacy Preservation,Artificial Intelligence in Medicine,,,,10.1007/978-3-030-58080-3_261-1,Alexander ZillerJonathan Passerat-PalmbachAndrew TraskRickmer BrarenDaniel RueckertGeorgios Kaissis,2021,https://link.springer.com/rwe/10.1007/978-3-030-58080-3_261-1,Living reference work entry
A Clinically Aligned Local-global Mutual Learning Framework for Interpretable Pneumoconiosis Diagnosis,Machine Intelligence Research,,,,10.1007/s11633-025-1619-4,Jiarui WangXuerong WangLe YangBinglu Wang,2026,https://link.springer.com/article/10.1007/s11633-025-1619-4,Article
Content Moderation of Generative AI Prompts,SN Computer Science,,,,10.1007/s42979-025-03864-y,Praful Pardhi,2025,https://link.springer.com/article/10.1007/s42979-025-03864-y,Article
Mitigating Backdoor Attacks on Deep Neural Networks,"Embedded Machine Learning for Cyber-Physical, IoT, and Edge Computing",,,,10.1007/978-3-031-40677-5_16,Hao FuAlireza SarmadiPrashanth KrishnamurthySiddharth GargFarshad Khorrami,2024,https://link.springer.com/chapter/10.1007/978-3-031-40677-5_16,Chapter
Reflections on Sociosensitive and Socioactive Technology,Theory and Practice of Sociosensitive and Socioactive Systems,,,,10.1007/978-3-658-36946-0_7,Jacqueline BellonFriederike EysselBruno GranscheSebastian Nähr-WagenerRicarda Wullenkord,2022,https://link.springer.com/chapter/10.1007/978-3-658-36946-0_7,Chapter
When LLMs meet cybersecurity: a systematic literature review,Cybersecurity,,,,10.1186/s42400-025-00361-w,Jie ZhangHaoyu BuHui WenYongji LiuHaiqiang FeiRongrong XiLun LiYun YangHongsong ZhuDan Meng,2025,https://link.springer.com/article/10.1186/s42400-025-00361-w,Article
Synthesizing Futures Practice,Designing Our Future,,,,10.1007/979-8-8688-1163-0_9,Diana Olynick,2026,https://link.springer.com/chapter/10.1007/979-8-8688-1163-0_9,Chapter
Operationalising ethics in artificial intelligence for healthcare: a framework for AI developers,AI and Ethics,,,,10.1007/s43681-022-00195-z,Pravik SolankiJohn GrundyWaqar Hussain,2022,https://link.springer.com/article/10.1007/s43681-022-00195-z,Article
Implications of Increased Data Collection,The Platform Economy,,,,10.1007/978-981-19-3242-7_28,Zarina I. KhisamovaIldar R. Begishev,2022,https://link.springer.com/chapter/10.1007/978-981-19-3242-7_28,Chapter
Quantum-entangled neuro-symbolic swarm federation for privacy-preserving IoMT-driven multimodal healthcare,Scientific Reports,,,,10.1038/s41598-025-31820-6,Soufiane Ben OthmanObaid Ali,2025,https://link.springer.com/article/10.1038/s41598-025-31820-6,Article
"18th Congress of Behavioral Medicine: Advancing Global Health Equity through Science, Education and Advocacy",International Journal of Behavioral Medicine,,,,10.1007/s12529-025-10383-w,,2025,https://link.springer.com/article/10.1007/s12529-025-10383-w,Article
Distributed Learning in Healthcare,Trends of Artificial Intelligence and Big Data for E-Health,,,,10.1007/978-3-031-11199-0_10,Anup TuladharDeepthi RajashekarNils D. Forkert,2022,https://link.springer.com/chapter/10.1007/978-3-031-11199-0_10,Chapter
Possible Evolutions in AI Models,Artificial Intelligence and Credit Risk,,,,10.1007/978-3-031-10236-3_5,Rossella LocatelliGiovanni PepeFabio Salis,2022,https://link.springer.com/chapter/10.1007/978-3-031-10236-3_5,Chapter
Development,Walking on the Edge of the Abyss,,,,10.1007/978-981-99-2325-0_3,Gustavo Esteva,2023,https://link.springer.com/chapter/10.1007/978-981-99-2325-0_3,Chapter
Deep Dive Speech Technology,European Language Equality,,,,10.1007/978-3-031-28819-7_41,Marcin SkowronGerhard BackfriedEva NavasAivars BērziņšJoachim Van den BogaertFranciska de JongAndrea DeMarcoInma HernáezMarek KováčPeter PolákJohan RohdinMichael RosnerJon SanchezIbon SaratxagaPetr Schwarz,2023,https://link.springer.com/chapter/10.1007/978-3-031-28819-7_41,Chapter
Problem Analysis and Problem Statement,Construction of a Concept of Neuronal Modeling,,,,10.1007/978-3-658-35999-7_2,Marcus Grum,2022,https://link.springer.com/chapter/10.1007/978-3-658-35999-7_2,Chapter
The Impact of the ‘Right to Be Forgotten’ on Algorithmic Fairness,Perspectives in Business Informatics Research,,,,10.1007/978-3-030-87205-2_14,Julian SengewaldRichard Lackes,2021,https://link.springer.com/chapter/10.1007/978-3-030-87205-2_14,Conference paper
Big data in cybersecurity: a survey of applications and future trends,Journal of Reliable Intelligent Environments,,,,10.1007/s40860-020-00120-3,Mohammed M. Alani,2021,https://link.springer.com/article/10.1007/s40860-020-00120-3,Article
34th Annual Computational Neuroscience Meeting: CNS*2025,Journal of Computational Neuroscience,,,,10.1007/s10827-025-00915-4,,2026,https://link.springer.com/article/10.1007/s10827-025-00915-4,Article
Making Machine Learning Forget,Privacy Technologies and Policy,,,,10.1007/978-3-030-21752-5_6,Saurabh ShintreKevin A. RoundyJasjeet Dhaliwal,2019,https://link.springer.com/chapter/10.1007/978-3-030-21752-5_6,Conference paper
Technology of deep brain stimulation: current status and future directions,Nature Reviews Neurology,,,,10.1038/s41582-020-00426-z,Joachim K. KraussNir LipsmanTipu AzizAlexandre BoutetPeter BrownJin Woo ChangBenjamin DavidsonWarren M. GrillMarwan I. HarizAndreas HornMichael SchulderAntonios MammisPeter A. TassJens VolkmannAndres M. Lozano,2020,https://link.springer.com/article/10.1038/s41582-020-00426-z,Article
SRI 73rd Annual Meeting: Scientific Program &amp; Abstracts,Reproductive Sciences,,,,10.1007/s43032-026-02073-z,,2026,https://link.springer.com/article/10.1007/s43032-026-02073-z,Article
"Ontological Transparency, (In)visibility, and Hidden Curricula: Critical Pedagogy Amidst Contentious Edtech",Postdigital Science and Education,,,,10.1007/s42438-020-00198-1,Michael GallagherMarkus BreinesMyles Blaney,2020,https://link.springer.com/article/10.1007/s42438-020-00198-1,Article
Fintech Unicorns,The Palgrave Handbook of FinTech and Blockchain,,,,10.1007/978-3-030-66433-6_6,David C. BroadstockLouis T. W. ChengJack S. C. Poon,2021,https://link.springer.com/chapter/10.1007/978-3-030-66433-6_6,Chapter
Bold Future of Human Resources Development in Healthcare,Innovative Staff Development in Healthcare,,,,10.1007/978-3-030-81986-6_15,Renate Tewes,2022,https://link.springer.com/chapter/10.1007/978-3-030-81986-6_15,Chapter
A Survey of Methods for the Construction of an Intrusion Detection System,Artificial Intelligence and Applied Mathematics in Engineering Problems,,,,10.1007/978-3-030-36178-5_18,Abdel Karim KassemShymaa Abo ArkoubBassam DayaPierre Chauvet,2020,https://link.springer.com/chapter/10.1007/978-3-030-36178-5_18,Conference paper
Posthumanism and Identity in Elena Ferrante’s Neapolitan Novels,Posthumanism in Italian Literature and Film,,,,10.1007/978-3-030-39367-0_5,Enrica Maria Ferrara,2020,https://link.springer.com/chapter/10.1007/978-3-030-39367-0_5,Chapter
Examining Potential Socio-economic Factors that Affect Machine Learning Research in the AEC Industry,"Computer-Aided Architectural Design. ""Hello, Culture""",,,,10.1007/978-981-13-8410-3_18,Nariddh KheanAlessandra FabbriDavid GerberMatthias H. Haeusler,2019,https://link.springer.com/chapter/10.1007/978-981-13-8410-3_18,Conference paper
ACNP 64th Annual Meeting: Poster Abstracts P584-P872,Neuropsychopharmacology,,,,10.1038/s41386-025-02281-2,,2025,https://link.springer.com/article/10.1038/s41386-025-02281-2,Article
ACNP 61<sup>st</sup> Annual Meeting: Poster Abstracts P1 - P270,Neuropsychopharmacology,,,,10.1038/s41386-022-01484-1,,2022,https://link.springer.com/article/10.1038/s41386-022-01484-1,Article
Abstracts from the 2025 Annual Meeting of the Society of General Internal Medicine,Journal of General Internal Medicine,,,,10.1007/s11606-025-09516-4,,2025,https://link.springer.com/article/10.1007/s11606-025-09516-4,Article
Societal and ethical issues of digitization,Ethics and Information Technology,,,,10.1007/s10676-018-9452-x,Lambèr RoyakkersJelte TimmerLinda KoolRinie van Est,2018,https://link.springer.com/article/10.1007/s10676-018-9452-x,Article
Knowledge Management and the New Configurations of Health Markets,Intelligent Health Policy,,,,10.1007/978-3-319-69596-9_4,Petri VirtanenJari Stenvall,2018,https://link.springer.com/chapter/10.1007/978-3-319-69596-9_4,Chapter
Online Combustion Optimization System,Combustion Optimization Based on Computational Intelligence,,,,10.1007/978-981-10-7875-0_7,Hao ZhouKefa Cen,2018,https://link.springer.com/chapter/10.1007/978-981-10-7875-0_7,Chapter
Capability Development in Open Data-Driven Organizations,Government 3.0 – Next Generation Government Technology Infrastructure and Services,,,,10.1007/978-3-319-63743-3_6,Fatemeh Ahmadi ZeletiAdegboyega Ojo,2017,https://link.springer.com/chapter/10.1007/978-3-319-63743-3_6,Chapter
Will Organizations Emerge as “Hybrid Intelligences” from the Digital Transformation?,Digital Transformation Shaping the Subconscious Minds of Organizations,,,,10.1007/978-3-319-53618-7_6,Werner Leodolter,2017,https://link.springer.com/chapter/10.1007/978-3-319-53618-7_6,Chapter
Abstracts from the 2019 Annual Meeting of the Society of General Internal Medicine,Journal of General Internal Medicine,,,,10.1007/s11606-019-05007-5,,2019,https://link.springer.com/article/10.1007/s11606-019-05007-5,Article
Poster Session III,Neuropsychopharmacology,,,,10.1038/npp.2015.327,,2015,https://link.springer.com/article/10.1038/npp.2015.327,Article
SISMES – V NATIONAL CONGRESS,Sport Sciences for Health,,,,10.1007/s11332-013-0152-y,,2013,https://link.springer.com/article/10.1007/s11332-013-0152-y,Article
SVME: an ensemble of support vector machines for detecting oil spills from full resolution MODIS images,Ocean Dynamics,,,,10.1007/s10236-011-0510-8,Marco CococcioniLinda CorucciAndrea MasiniFabio Nardelli,2012,https://link.springer.com/article/10.1007/s10236-011-0510-8,Article
A,Gaither's Dictionary of Scientific Quotations,,,,10.1007/978-1-4614-1114-7_1,Carl C. GaitherAlma E. Cavazos-Gaither,2012,https://link.springer.com/chapter/10.1007/978-1-4614-1114-7_1,Chapter
Sensor-Centric System Developments,Cloud Connectivity and Embedded Sensory Systems,,,,10.1007/978-1-4419-7545-4_4,Lambert SpaanenburgHendrik Spaanenburg,2011,https://link.springer.com/chapter/10.1007/978-1-4419-7545-4_4,Chapter
The Practice Areas,The Art of Software Innovation,,,,10.1007/978-3-642-21049-5_2,Minna PikkarainenWim CodenieNick BoucartJosé Antonio Heredia Alvaro,2011,https://link.springer.com/chapter/10.1007/978-3-642-21049-5_2,Chapter
Posters,"JNHA - The Journal of Nutrition, Health and Aging",,,,10.1007/s12603-009-0095-9,,2009,https://link.springer.com/article/10.1007/s12603-009-0095-9,Article
A,Gaither’s Dictionary of Scientific Quotations,,,,10.1007/978-0-387-49577-4_1,,2008,https://link.springer.com/chapter/10.1007/978-0-387-49577-4_1,Chapter
A knowledge-resonance (KRES) model of category learning,Psychonomic Bulletin & Review,,,,10.3758/BF03196543,Bob RehderGregory L. Murphy,2003,https://link.springer.com/article/10.3758/BF03196543,Article
How Postal Address Readers Are Made Adaptive,Reading and Learning,,,,10.1007/978-3-540-24642-8_12,Hartmut SchäferThomas BayerKlaus KreuzerUdo MiletzkiMarc-Peter SchambachMatthias Schulte-Austum,2004,https://link.springer.com/chapter/10.1007/978-3-540-24642-8_12,Chapter
Volume I Entries A — L,The Encyclopedia of Aging,,,,10.1007/978-3-662-38338-4_1,George L. Maddox,2001,https://link.springer.com/chapter/10.1007/978-3-662-38338-4_1,Chapter
The Dictionary,Macmillan Dictionary of Psychology,,,,10.1007/978-1-349-12428-2_1,Stuart Sutherland,1991,https://link.springer.com/chapter/10.1007/978-1-349-12428-2_1,Chapter
A critical analysis of the use of computers in education,ECTJ,,,,10.1007/BF02768422,Michael J. Streibel,1986,https://link.springer.com/article/10.1007/BF02768422,Article